name,email,number
Lionel Messi,lionelmessi@helpinghands.cm,(876) 534-9197
Curtis Jones,curtisjones@helpinghands.cm,(706) 445-1924
Sadio Mane,sadiomane@helpinghands.cm,(215) 700-0102
Ansu Fati,ansufati@helpinghands.cm,(727) 217-7859
Raheem Sterling,raheemsterling@helpinghands.cm,(281) 202-1952
Ferran Torres,ferrantorres@helpinghands.cm,(574) 362-1785
Ousmane Dembele,ousmanedembele@helpinghands.cm,(306) 448-6751
Robert Lewandowski,robertlewandowski@helpinghands.cm,(524) 981-3765
Andres Iniesta,andresiniesta@helpinghands.cm,(538) 673-8843
Pedri Gonzales,pedrigonzales@helpinghands.cm,(306) 793-8529
Reece James,reecejames@helpinghands.cm,(833) 913-6952
Anthony Martial,anthonymartial@helpinghands.cm,(604) 694-9401
Bruno Fernandez,brunofernandez@helpinghands.cm,(296) 259-1009
Marcus Rashford,marcusrashford@helpinghands.cm,(899) 816-3466
Kevin De Bruyne,kevindebruyne@helpinghands.cm,(252) 356-4434
Karim Benzema,karimbenzema@helpinghands.cm,(235) 971-7484
Luka Modric,lukamodric@helpinghands.cm,(714) 514-7977
Kylian Mbappe,kylianmbappe@helpinghands.cm,(991) 498-5640
Neymar Junior,neymarjunior@helpinghands.cm,(623) 506-8210
Luis Saurez,luissaurez@helpinghands.cm,(557) 454-8880
Phil Foden,philfoden@helpinghands.cm,(262) 873-9811
Memphis Depay,memphisdepay@helpinghands.cm,(714) 879-7334
Yuuji Itadori,yuujiitadori@helpinghands.cm,(209) 420-5058
Gojou saturo,gojousaturo@helpinghands.cm,(226) 842-5484
Tanjiro Kamado,tanjirokamado@helpinghands.cm,(840) 727-8105
Zenitsu Akatsuma,zenitsuakatsuma@helpinghands.cm,(636) 719-1553
Inosuke Hashibira,inosukehashibira@helpinghands.cm,(527) 626-2068
Ryomen Sukuna,ryomensukuna@helpinghands.cm,(390) 788-3888
Kyojuro Rengoku,kyojurorengoku@helpinghands.cm,(465) 875-3823

